{
  "accuracy": 0.9824561403508771,
  "precision": 0.9824561403508771,
  "recall": 0.9824561403508771,
  "f1": 0.9824561403508771,
  "balanced_accuracy": 0.9811507936507937
}